method,data_type,dimension,sample_size,noise_level,trial,frame_error,runtime,success,initialization,gradient_norm,iterations,step_size,stopping_criterion
deflation_varimax_random,gaussian_rotated,2,1000,0.05,0,0.2285234267154826,0.010564088821411133,True,random,,,,Deflation algorithm (non-pymanopt)
deflation_varimax_random,gaussian_rotated,2,1000,0.05,1,0.33124116480932286,0.008990764617919922,True,random,,,,Deflation algorithm (non-pymanopt)
deflation_varimax_random,gaussian_rotated,2,1000,0.05,2,0.04730364846018385,0.010651826858520508,True,random,,,,Deflation algorithm (non-pymanopt)
deflation_varimax_random,gaussian_rotated,2,1000,0.05,3,0.2837445636614995,0.006842136383056641,True,random,,,,Deflation algorithm (non-pymanopt)
deflation_varimax_random,gaussian_rotated,2,1000,0.05,4,0.00010673999482712978,0.007453203201293945,True,random,,,,Deflation algorithm (non-pymanopt)
deflation_varimax_random,gaussian_rotated,2,1000,0.05,5,0.338502875559949,0.0076580047607421875,True,random,,,,Deflation algorithm (non-pymanopt)
deflation_varimax_random,gaussian_rotated,2,1000,0.05,6,0.19391393011574076,0.007693052291870117,True,random,,,,Deflation algorithm (non-pymanopt)
deflation_varimax_random,gaussian_rotated,2,1000,0.05,7,0.011620943692681717,0.008498191833496094,True,random,,,,Deflation algorithm (non-pymanopt)
deflation_varimax_random,gaussian_rotated,2,1000,0.05,8,0.00027851529111183804,0.005529880523681641,True,random,,,,Deflation algorithm (non-pymanopt)
deflation_varimax_random,gaussian_rotated,2,1000,0.05,9,0.3810869239378938,0.0072269439697265625,True,random,,,,Deflation algorithm (non-pymanopt)
deflation_varimax_random,gaussian_rotated,5,1000,0.05,0,0.4193154907454353,0.015461921691894531,True,random,,,,Deflation algorithm (non-pymanopt)
deflation_varimax_random,gaussian_rotated,5,1000,0.05,1,0.39728285264161667,0.017956018447875977,True,random,,,,Deflation algorithm (non-pymanopt)
deflation_varimax_random,gaussian_rotated,5,1000,0.05,2,0.5377999862106606,0.01582789421081543,True,random,,,,Deflation algorithm (non-pymanopt)
deflation_varimax_random,gaussian_rotated,5,1000,0.05,3,0.4848220888410627,0.02060103416442871,True,random,,,,Deflation algorithm (non-pymanopt)
deflation_varimax_random,gaussian_rotated,5,1000,0.05,4,0.3878443842517462,0.017796993255615234,True,random,,,,Deflation algorithm (non-pymanopt)
deflation_varimax_random,gaussian_rotated,5,1000,0.05,5,0.7577002316995202,0.01739215850830078,True,random,,,,Deflation algorithm (non-pymanopt)
deflation_varimax_random,gaussian_rotated,5,1000,0.05,6,0.666663256373436,0.017719030380249023,True,random,,,,Deflation algorithm (non-pymanopt)
deflation_varimax_random,gaussian_rotated,5,1000,0.05,7,0.5844154080632692,0.01664113998413086,True,random,,,,Deflation algorithm (non-pymanopt)
deflation_varimax_random,gaussian_rotated,5,1000,0.05,8,0.4934172549194125,0.015231847763061523,True,random,,,,Deflation algorithm (non-pymanopt)
deflation_varimax_random,gaussian_rotated,5,1000,0.05,9,0.5656039294559561,0.015051126480102539,True,random,,,,Deflation algorithm (non-pymanopt)
deflation_varimax_random,gaussian_rotated,10,1000,0.05,0,0.8732040652760477,0.028753042221069336,True,random,,,,Deflation algorithm (non-pymanopt)
deflation_varimax_random,gaussian_rotated,10,1000,0.05,1,0.787905729307273,0.027397871017456055,True,random,,,,Deflation algorithm (non-pymanopt)
deflation_varimax_random,gaussian_rotated,10,1000,0.05,2,0.8833186458288821,0.03251218795776367,True,random,,,,Deflation algorithm (non-pymanopt)
deflation_varimax_random,gaussian_rotated,10,1000,0.05,3,0.6102550593659343,0.029326677322387695,True,random,,,,Deflation algorithm (non-pymanopt)
deflation_varimax_random,gaussian_rotated,10,1000,0.05,4,0.7528083905142252,0.03144192695617676,True,random,,,,Deflation algorithm (non-pymanopt)
deflation_varimax_random,gaussian_rotated,10,1000,0.05,5,0.8572626828525474,0.026474952697753906,True,random,,,,Deflation algorithm (non-pymanopt)
deflation_varimax_random,gaussian_rotated,10,1000,0.05,6,0.7560630214353566,0.027411937713623047,True,random,,,,Deflation algorithm (non-pymanopt)
deflation_varimax_random,gaussian_rotated,10,1000,0.05,7,0.8757793632348319,0.028524160385131836,True,random,,,,Deflation algorithm (non-pymanopt)
deflation_varimax_random,gaussian_rotated,10,1000,0.05,8,0.7478663308720157,0.02920985221862793,True,random,,,,Deflation algorithm (non-pymanopt)
deflation_varimax_random,gaussian_rotated,10,1000,0.05,9,0.9672854542151492,0.028326034545898438,True,random,,,,Deflation algorithm (non-pymanopt)
deflation_varimax_random,gaussian_rotated,15,1000,0.05,0,0.866307265685792,0.03688192367553711,True,random,,,,Deflation algorithm (non-pymanopt)
deflation_varimax_random,gaussian_rotated,15,1000,0.05,1,0.977460396015148,0.03775310516357422,True,random,,,,Deflation algorithm (non-pymanopt)
deflation_varimax_random,gaussian_rotated,15,1000,0.05,2,0.9325747726885997,0.03784012794494629,True,random,,,,Deflation algorithm (non-pymanopt)
deflation_varimax_random,gaussian_rotated,15,1000,0.05,3,0.9522226304462512,0.03741621971130371,True,random,,,,Deflation algorithm (non-pymanopt)
deflation_varimax_random,gaussian_rotated,15,1000,0.05,4,0.9829865820713006,0.03830409049987793,True,random,,,,Deflation algorithm (non-pymanopt)
deflation_varimax_random,gaussian_rotated,15,1000,0.05,5,0.9501066438414327,0.040582895278930664,True,random,,,,Deflation algorithm (non-pymanopt)
deflation_varimax_random,gaussian_rotated,15,1000,0.05,6,1.0670433735789557,0.041481971740722656,True,random,,,,Deflation algorithm (non-pymanopt)
deflation_varimax_random,gaussian_rotated,15,1000,0.05,7,0.9045791492738332,0.037985801696777344,True,random,,,,Deflation algorithm (non-pymanopt)
deflation_varimax_random,gaussian_rotated,15,1000,0.05,8,0.9074967439989107,0.04101276397705078,True,random,,,,Deflation algorithm (non-pymanopt)
deflation_varimax_random,gaussian_rotated,15,1000,0.05,9,0.9308396387071379,0.037904977798461914,True,random,,,,Deflation algorithm (non-pymanopt)
deflation_varimax_random,gaussian_rotated,25,1000,0.05,0,1.1228324324669423,0.061630964279174805,True,random,,,,Deflation algorithm (non-pymanopt)
deflation_varimax_random,gaussian_rotated,25,1000,0.05,1,1.1608068325892746,0.06682610511779785,True,random,,,,Deflation algorithm (non-pymanopt)
deflation_varimax_random,gaussian_rotated,25,1000,0.05,2,1.1277402704882877,0.06131267547607422,True,random,,,,Deflation algorithm (non-pymanopt)
deflation_varimax_random,gaussian_rotated,25,1000,0.05,3,1.0961015862364447,0.063262939453125,True,random,,,,Deflation algorithm (non-pymanopt)
deflation_varimax_random,gaussian_rotated,25,1000,0.05,4,1.140254500961733,0.06291985511779785,True,random,,,,Deflation algorithm (non-pymanopt)
deflation_varimax_random,gaussian_rotated,25,1000,0.05,5,1.1411668808577315,0.06126713752746582,True,random,,,,Deflation algorithm (non-pymanopt)
deflation_varimax_random,gaussian_rotated,25,1000,0.05,6,1.0965713548173734,0.06200098991394043,True,random,,,,Deflation algorithm (non-pymanopt)
deflation_varimax_random,gaussian_rotated,25,1000,0.05,7,1.1035149306598504,0.060771942138671875,True,random,,,,Deflation algorithm (non-pymanopt)
deflation_varimax_random,gaussian_rotated,25,1000,0.05,8,1.1054040566213776,0.06353306770324707,True,random,,,,Deflation algorithm (non-pymanopt)
deflation_varimax_random,gaussian_rotated,25,1000,0.05,9,1.1440012388360616,0.06444787979125977,True,random,,,,Deflation algorithm (non-pymanopt)
deflation_varimax_random,gaussian_rotated,50,1000,0.05,0,1.3137215747826083,0.08653092384338379,True,random,,,,Deflation algorithm (non-pymanopt)
deflation_varimax_random,gaussian_rotated,50,1000,0.05,1,1.2817727792908897,0.08527994155883789,True,random,,,,Deflation algorithm (non-pymanopt)
deflation_varimax_random,gaussian_rotated,50,1000,0.05,2,1.3127524404572675,0.06883907318115234,True,random,,,,Deflation algorithm (non-pymanopt)
deflation_varimax_random,gaussian_rotated,50,1000,0.05,3,1.3101578781278849,0.06580376625061035,True,random,,,,Deflation algorithm (non-pymanopt)
deflation_varimax_random,gaussian_rotated,50,1000,0.05,4,1.3338493146846566,0.06906795501708984,True,random,,,,Deflation algorithm (non-pymanopt)
deflation_varimax_random,gaussian_rotated,50,1000,0.05,5,1.3203253181745178,0.06104111671447754,True,random,,,,Deflation algorithm (non-pymanopt)
deflation_varimax_random,gaussian_rotated,50,1000,0.05,6,1.3189714709318385,0.07156825065612793,True,random,,,,Deflation algorithm (non-pymanopt)
deflation_varimax_random,gaussian_rotated,50,1000,0.05,7,1.2929736675334573,0.0654458999633789,True,random,,,,Deflation algorithm (non-pymanopt)
deflation_varimax_random,gaussian_rotated,50,1000,0.05,8,1.310619042096335,0.06810331344604492,True,random,,,,Deflation algorithm (non-pymanopt)
deflation_varimax_random,gaussian_rotated,50,1000,0.05,9,1.3215894971420379,0.07123708724975586,True,random,,,,Deflation algorithm (non-pymanopt)
robust_subspace_clustering,gaussian_rotated,2,1000,0.05,0,0.0002631712076979818,34.51623296737671,True,N/A,,,,LASSO + Spectral clustering (non-pymanopt)
robust_subspace_clustering,gaussian_rotated,2,1000,0.05,1,3.134923535765498e-05,29.045714139938354,True,N/A,,,,LASSO + Spectral clustering (non-pymanopt)
robust_subspace_clustering,gaussian_rotated,2,1000,0.05,2,0.00032055518818670313,32.472599029541016,True,N/A,,,,LASSO + Spectral clustering (non-pymanopt)
robust_subspace_clustering,gaussian_rotated,2,1000,0.05,3,0.00013848436754219915,30.426416873931885,True,N/A,,,,LASSO + Spectral clustering (non-pymanopt)
robust_subspace_clustering,gaussian_rotated,2,1000,0.05,4,4.1494622021864185e-05,27.92757487297058,True,N/A,,,,LASSO + Spectral clustering (non-pymanopt)
robust_subspace_clustering,gaussian_rotated,2,1000,0.05,5,0.0002829234915158809,38.15759801864624,True,N/A,,,,LASSO + Spectral clustering (non-pymanopt)
robust_subspace_clustering,gaussian_rotated,2,1000,0.05,6,1.968711196100383e-05,35.851011991500854,True,N/A,,,,LASSO + Spectral clustering (non-pymanopt)
robust_subspace_clustering,gaussian_rotated,2,1000,0.05,7,0.00026747990104967204,32.00212812423706,True,N/A,,,,LASSO + Spectral clustering (non-pymanopt)
robust_subspace_clustering,gaussian_rotated,2,1000,0.05,8,4.46163384461214e-06,30.09795904159546,True,N/A,,,,LASSO + Spectral clustering (non-pymanopt)
robust_subspace_clustering,gaussian_rotated,2,1000,0.05,9,0.0005204494930235061,28.9149432182312,True,N/A,,,,LASSO + Spectral clustering (non-pymanopt)
robust_subspace_clustering,gaussian_rotated,5,1000,0.05,0,0.0002177125176493148,36.61985111236572,True,N/A,,,,LASSO + Spectral clustering (non-pymanopt)
robust_subspace_clustering,gaussian_rotated,5,1000,0.05,1,0.0002536342937057011,35.217775106430054,True,N/A,,,,LASSO + Spectral clustering (non-pymanopt)
robust_subspace_clustering,gaussian_rotated,5,1000,0.05,2,0.0002925693200786019,34.65325999259949,True,N/A,,,,LASSO + Spectral clustering (non-pymanopt)
robust_subspace_clustering,gaussian_rotated,5,1000,0.05,3,0.00014146892374388275,44.71962594985962,True,N/A,,,,LASSO + Spectral clustering (non-pymanopt)
robust_subspace_clustering,gaussian_rotated,5,1000,0.05,4,0.0002384632348268674,33.504815101623535,True,N/A,,,,LASSO + Spectral clustering (non-pymanopt)
robust_subspace_clustering,gaussian_rotated,5,1000,0.05,5,0.0006726571368600551,41.894148111343384,True,N/A,,,,LASSO + Spectral clustering (non-pymanopt)
robust_subspace_clustering,gaussian_rotated,5,1000,0.05,6,0.0003221279801133256,30.338505029678345,True,N/A,,,,LASSO + Spectral clustering (non-pymanopt)
robust_subspace_clustering,gaussian_rotated,5,1000,0.05,7,0.00024408487922847523,36.4194598197937,True,N/A,,,,LASSO + Spectral clustering (non-pymanopt)
robust_subspace_clustering,gaussian_rotated,5,1000,0.05,8,0.0003147121826640484,38.02892994880676,True,N/A,,,,LASSO + Spectral clustering (non-pymanopt)
robust_subspace_clustering,gaussian_rotated,5,1000,0.05,9,0.0004989348401307955,33.48505616188049,True,N/A,,,,LASSO + Spectral clustering (non-pymanopt)
robust_subspace_clustering,gaussian_rotated,10,1000,0.05,0,0.0005492839707096828,44.457563161849976,True,N/A,,,,LASSO + Spectral clustering (non-pymanopt)
robust_subspace_clustering,gaussian_rotated,10,1000,0.05,1,0.0005698894754528871,42.70325708389282,True,N/A,,,,LASSO + Spectral clustering (non-pymanopt)
robust_subspace_clustering,gaussian_rotated,10,1000,0.05,2,0.0006586624813127699,42.29359483718872,True,N/A,,,,LASSO + Spectral clustering (non-pymanopt)
robust_subspace_clustering,gaussian_rotated,10,1000,0.05,3,0.0006816856265154937,53.439464807510376,True,N/A,,,,LASSO + Spectral clustering (non-pymanopt)
robust_subspace_clustering,gaussian_rotated,10,1000,0.05,4,0.00043528978151237375,47.61322808265686,True,N/A,,,,LASSO + Spectral clustering (non-pymanopt)
robust_subspace_clustering,gaussian_rotated,10,1000,0.05,5,0.0006618951126104594,40.14662194252014,True,N/A,,,,LASSO + Spectral clustering (non-pymanopt)
robust_subspace_clustering,gaussian_rotated,10,1000,0.05,6,0.0006476096457205634,49.943382024765015,True,N/A,,,,LASSO + Spectral clustering (non-pymanopt)
robust_subspace_clustering,gaussian_rotated,10,1000,0.05,7,0.0005707775248705455,65.69114589691162,True,N/A,,,,LASSO + Spectral clustering (non-pymanopt)
robust_subspace_clustering,gaussian_rotated,10,1000,0.05,8,0.00042608219573110254,42.48530888557434,True,N/A,,,,LASSO + Spectral clustering (non-pymanopt)
robust_subspace_clustering,gaussian_rotated,10,1000,0.05,9,0.0006123492863585251,46.47434592247009,True,N/A,,,,LASSO + Spectral clustering (non-pymanopt)
robust_subspace_clustering,gaussian_rotated,15,1000,0.05,0,0.0006295449019239343,59.91522002220154,True,N/A,,,,LASSO + Spectral clustering (non-pymanopt)
robust_subspace_clustering,gaussian_rotated,15,1000,0.05,1,0.001004244775929998,539.3384802341461,True,N/A,,,,LASSO + Spectral clustering (non-pymanopt)
robust_subspace_clustering,gaussian_rotated,15,1000,0.05,2,0.0008208528663871953,282.0378489494324,True,N/A,,,,LASSO + Spectral clustering (non-pymanopt)
robust_subspace_clustering,gaussian_rotated,15,1000,0.05,3,0.0007477374480431558,63.16673994064331,True,N/A,,,,LASSO + Spectral clustering (non-pymanopt)
robust_subspace_clustering,gaussian_rotated,15,1000,0.05,4,0.0010503768245832316,2010.7719118595123,True,N/A,,,,LASSO + Spectral clustering (non-pymanopt)
robust_subspace_clustering,gaussian_rotated,15,1000,0.05,5,0.0008882205200437516,60.664960622787476,True,N/A,,,,LASSO + Spectral clustering (non-pymanopt)
robust_subspace_clustering,gaussian_rotated,15,1000,0.05,6,0.0008185211682197298,84.21399760246277,True,N/A,,,,LASSO + Spectral clustering (non-pymanopt)
robust_subspace_clustering,gaussian_rotated,15,1000,0.05,7,0.0007968228601628702,2087.113831758499,True,N/A,,,,LASSO + Spectral clustering (non-pymanopt)
robust_subspace_clustering,gaussian_rotated,15,1000,0.05,8,0.0007357476674012398,989.9503979682922,True,N/A,,,,LASSO + Spectral clustering (non-pymanopt)
robust_subspace_clustering,gaussian_rotated,15,1000,0.05,9,0.0008079734691145585,68.55836796760559,True,N/A,,,,LASSO + Spectral clustering (non-pymanopt)
robust_subspace_clustering,gaussian_rotated,25,1000,0.05,0,0.0013569343407266734,3038.8712618350983,True,N/A,,,,LASSO + Spectral clustering (non-pymanopt)
robust_subspace_clustering,gaussian_rotated,25,1000,0.05,1,0.0013123595465724905,101.71853399276733,True,N/A,,,,LASSO + Spectral clustering (non-pymanopt)
robust_subspace_clustering,gaussian_rotated,25,1000,0.05,2,0.001350738000511804,5959.954031944275,True,N/A,,,,LASSO + Spectral clustering (non-pymanopt)
robust_subspace_clustering,gaussian_rotated,25,1000,0.05,3,0.0014505884280699777,124.37872004508972,True,N/A,,,,LASSO + Spectral clustering (non-pymanopt)
robust_subspace_clustering,gaussian_rotated,25,1000,0.05,4,0.001355698952505334,104.92264604568481,True,N/A,,,,LASSO + Spectral clustering (non-pymanopt)
robust_subspace_clustering,gaussian_rotated,25,1000,0.05,5,0.06314497343388108,112.67403793334961,True,N/A,,,,LASSO + Spectral clustering (non-pymanopt)
robust_subspace_clustering,gaussian_rotated,25,1000,0.05,6,0.0013381759720754941,89.53181791305542,True,N/A,,,,LASSO + Spectral clustering (non-pymanopt)
robust_subspace_clustering,gaussian_rotated,25,1000,0.05,7,0.001454144849435312,84.74700999259949,True,N/A,,,,LASSO + Spectral clustering (non-pymanopt)
robust_subspace_clustering,gaussian_rotated,25,1000,0.05,8,0.001389727245983961,99.37342834472656,True,N/A,,,,LASSO + Spectral clustering (non-pymanopt)
robust_subspace_clustering,gaussian_rotated,25,1000,0.05,9,0.0014060484446220367,1119.7424490451813,True,N/A,,,,LASSO + Spectral clustering (non-pymanopt)
robust_subspace_clustering,gaussian_rotated,50,1000,0.05,0,0.038057451971471666,1279.4559433460236,True,N/A,,,,LASSO + Spectral clustering (non-pymanopt)
robust_subspace_clustering,gaussian_rotated,50,1000,0.05,1,0.0030751932882746706,2559.8607449531555,True,N/A,,,,LASSO + Spectral clustering (non-pymanopt)
robust_subspace_clustering,gaussian_rotated,50,1000,0.05,2,0.03425609081046827,1273.7082550525665,True,N/A,,,,LASSO + Spectral clustering (non-pymanopt)
robust_subspace_clustering,gaussian_rotated,50,1000,0.05,3,0.0028572779759983733,257.47657799720764,True,N/A,,,,LASSO + Spectral clustering (non-pymanopt)
robust_subspace_clustering,gaussian_rotated,50,1000,0.05,4,0.033937982779784936,272.4421169757843,True,N/A,,,,LASSO + Spectral clustering (non-pymanopt)
robust_subspace_clustering,gaussian_rotated,50,1000,0.05,5,0.036867121898757196,274.00240421295166,True,N/A,,,,LASSO + Spectral clustering (non-pymanopt)
robust_subspace_clustering,gaussian_rotated,50,1000,0.05,6,0.0030265889702359426,190.44708895683289,True,N/A,,,,LASSO + Spectral clustering (non-pymanopt)
robust_subspace_clustering,gaussian_rotated,50,1000,0.05,7,0.03082912808505057,215.07810831069946,True,N/A,,,,LASSO + Spectral clustering (non-pymanopt)
robust_subspace_clustering,gaussian_rotated,50,1000,0.05,8,0.03847781594568093,221.0664451122284,True,N/A,,,,LASSO + Spectral clustering (non-pymanopt)
robust_subspace_clustering,gaussian_rotated,50,1000,0.05,9,0.03944162047458397,267.09918904304504,True,N/A,,,,LASSO + Spectral clustering (non-pymanopt)
pca_varimax,gaussian_rotated,2,1000,0.05,0,0.0026443850903865402,0.017693042755126953,True,N/A,,,,R stats::varimax
pca_varimax,gaussian_rotated,2,1000,0.05,1,0.002558047298975779,0.01572585105895996,True,N/A,,,,R stats::varimax
pca_varimax,gaussian_rotated,2,1000,0.05,2,0.002837609729615555,0.0016512870788574219,True,N/A,,,,R stats::varimax
pca_varimax,gaussian_rotated,2,1000,0.05,3,0.012710977419041057,0.0023021697998046875,True,N/A,,,,R stats::varimax
pca_varimax,gaussian_rotated,2,1000,0.05,4,0.0022433204088435797,0.0015070438385009766,True,N/A,,,,R stats::varimax
pca_varimax,gaussian_rotated,2,1000,0.05,5,0.003743141173993142,0.0014810562133789062,True,N/A,,,,R stats::varimax
pca_varimax,gaussian_rotated,2,1000,0.05,6,2.5889730343619887e-05,0.001600027084350586,True,N/A,,,,R stats::varimax
pca_varimax,gaussian_rotated,2,1000,0.05,7,0.1166877088035411,0.0014882087707519531,True,N/A,,,,R stats::varimax
pca_varimax,gaussian_rotated,2,1000,0.05,8,0.00017491342143370592,0.0014600753784179688,True,N/A,,,,R stats::varimax
pca_varimax,gaussian_rotated,2,1000,0.05,9,0.54422024820811,0.0015590190887451172,True,N/A,,,,R stats::varimax
pca_varimax,gaussian_rotated,5,1000,0.05,0,0.5011837949114182,0.0018367767333984375,True,N/A,,,,R stats::varimax
pca_varimax,gaussian_rotated,5,1000,0.05,1,0.38492315264365956,0.0017290115356445312,True,N/A,,,,R stats::varimax
pca_varimax,gaussian_rotated,5,1000,0.05,2,0.6383884685063582,0.0019040107727050781,True,N/A,,,,R stats::varimax
pca_varimax,gaussian_rotated,5,1000,0.05,3,0.5382684533919746,0.001750946044921875,True,N/A,,,,R stats::varimax
pca_varimax,gaussian_rotated,5,1000,0.05,4,0.6599756078486936,0.0016679763793945312,True,N/A,,,,R stats::varimax
pca_varimax,gaussian_rotated,5,1000,0.05,5,0.4753745462627748,0.00177001953125,True,N/A,,,,R stats::varimax
pca_varimax,gaussian_rotated,5,1000,0.05,6,0.7555966824585736,0.001667022705078125,True,N/A,,,,R stats::varimax
pca_varimax,gaussian_rotated,5,1000,0.05,7,0.6317956430398921,0.0016751289367675781,True,N/A,,,,R stats::varimax
pca_varimax,gaussian_rotated,5,1000,0.05,8,0.5057755346824291,0.0017867088317871094,True,N/A,,,,R stats::varimax
pca_varimax,gaussian_rotated,5,1000,0.05,9,0.6088963310558424,0.0017099380493164062,True,N/A,,,,R stats::varimax
pca_varimax,gaussian_rotated,10,1000,0.05,0,0.9332893488350333,0.002007007598876953,True,N/A,,,,R stats::varimax
pca_varimax,gaussian_rotated,10,1000,0.05,1,0.7804485173321355,0.005676984786987305,True,N/A,,,,R stats::varimax
pca_varimax,gaussian_rotated,10,1000,0.05,2,0.8032612400967712,0.0019750595092773438,True,N/A,,,,R stats::varimax
pca_varimax,gaussian_rotated,10,1000,0.05,3,0.787953208750392,0.0018339157104492188,True,N/A,,,,R stats::varimax
pca_varimax,gaussian_rotated,10,1000,0.05,4,0.8359580684724817,0.0020647048950195312,True,N/A,,,,R stats::varimax
pca_varimax,gaussian_rotated,10,1000,0.05,5,0.7468091248508859,0.0019099712371826172,True,N/A,,,,R stats::varimax
pca_varimax,gaussian_rotated,10,1000,0.05,6,0.618574766107264,0.0017521381378173828,True,N/A,,,,R stats::varimax
pca_varimax,gaussian_rotated,10,1000,0.05,7,0.7670182130895475,0.0018949508666992188,True,N/A,,,,R stats::varimax
pca_varimax,gaussian_rotated,10,1000,0.05,8,0.7702857922436952,0.0018069744110107422,True,N/A,,,,R stats::varimax
pca_varimax,gaussian_rotated,10,1000,0.05,9,0.8907915463740105,0.0019497871398925781,True,N/A,,,,R stats::varimax
pca_varimax,gaussian_rotated,15,1000,0.05,0,0.8688085396591253,0.002295255661010742,True,N/A,,,,R stats::varimax
pca_varimax,gaussian_rotated,15,1000,0.05,1,0.9787508576741075,0.002819061279296875,True,N/A,,,,R stats::varimax
pca_varimax,gaussian_rotated,15,1000,0.05,2,0.9111098077324978,0.0023250579833984375,True,N/A,,,,R stats::varimax
pca_varimax,gaussian_rotated,15,1000,0.05,3,1.0061885844614384,0.002276182174682617,True,N/A,,,,R stats::varimax
pca_varimax,gaussian_rotated,15,1000,0.05,4,0.9360551970222207,0.002125978469848633,True,N/A,,,,R stats::varimax
pca_varimax,gaussian_rotated,15,1000,0.05,5,0.9638722060381735,0.0022919178009033203,True,N/A,,,,R stats::varimax
pca_varimax,gaussian_rotated,15,1000,0.05,6,1.0862539694314628,0.0024487972259521484,True,N/A,,,,R stats::varimax
pca_varimax,gaussian_rotated,15,1000,0.05,7,0.8942476493204984,0.0021898746490478516,True,N/A,,,,R stats::varimax
pca_varimax,gaussian_rotated,15,1000,0.05,8,0.8807272043483397,0.0020928382873535156,True,N/A,,,,R stats::varimax
pca_varimax,gaussian_rotated,15,1000,0.05,9,0.9085472514134841,0.002485036849975586,True,N/A,,,,R stats::varimax
pca_varimax,gaussian_rotated,25,1000,0.05,0,1.1499013811646064,0.004491090774536133,True,N/A,,,,R stats::varimax
pca_varimax,gaussian_rotated,25,1000,0.05,1,1.1443133809320014,0.003464221954345703,True,N/A,,,,R stats::varimax
pca_varimax,gaussian_rotated,25,1000,0.05,2,1.187653975499776,0.0038819313049316406,True,N/A,,,,R stats::varimax
pca_varimax,gaussian_rotated,25,1000,0.05,3,1.0961559882904774,0.0036423206329345703,True,N/A,,,,R stats::varimax
pca_varimax,gaussian_rotated,25,1000,0.05,4,1.1318244022809025,0.003972053527832031,True,N/A,,,,R stats::varimax
pca_varimax,gaussian_rotated,25,1000,0.05,5,1.1169501966195547,0.003692150115966797,True,N/A,,,,R stats::varimax
pca_varimax,gaussian_rotated,25,1000,0.05,6,1.112740122310194,0.0037078857421875,True,N/A,,,,R stats::varimax
pca_varimax,gaussian_rotated,25,1000,0.05,7,1.0846045316234467,0.003450155258178711,True,N/A,,,,R stats::varimax
pca_varimax,gaussian_rotated,25,1000,0.05,8,1.1115459799461893,0.004676103591918945,True,N/A,,,,R stats::varimax
pca_varimax,gaussian_rotated,25,1000,0.05,9,1.1206922766176113,0.0037178993225097656,True,N/A,,,,R stats::varimax
pca_varimax,gaussian_rotated,50,1000,0.05,0,1.3185570006003176,0.013007879257202148,True,N/A,,,,R stats::varimax
pca_varimax,gaussian_rotated,50,1000,0.05,1,1.2790689077636235,0.012520074844360352,True,N/A,,,,R stats::varimax
pca_varimax,gaussian_rotated,50,1000,0.05,2,1.3114523083793637,0.014164924621582031,True,N/A,,,,R stats::varimax
pca_varimax,gaussian_rotated,50,1000,0.05,3,1.3064708586447653,0.012555837631225586,True,N/A,,,,R stats::varimax
pca_varimax,gaussian_rotated,50,1000,0.05,4,1.3108019160963182,0.015171051025390625,True,N/A,,,,R stats::varimax
pca_varimax,gaussian_rotated,50,1000,0.05,5,1.3388369862687641,0.012947797775268555,True,N/A,,,,R stats::varimax
pca_varimax,gaussian_rotated,50,1000,0.05,6,1.3066374623730779,0.012778997421264648,True,N/A,,,,R stats::varimax
pca_varimax,gaussian_rotated,50,1000,0.05,7,1.3153854264823812,0.014466047286987305,True,N/A,,,,R stats::varimax
pca_varimax,gaussian_rotated,50,1000,0.05,8,1.3179544101965683,0.012171030044555664,True,N/A,,,,R stats::varimax
pca_varimax,gaussian_rotated,50,1000,0.05,9,1.3202356161693496,0.012223005294799805,True,N/A,,,,R stats::varimax
wfa1_manifold_optimization,gaussian_rotated,2,1000,0.05,0,5.002499607511566e-06,3.281010866165161,True,N/A,1.0457212246569611e-09,14,-0.0,"Terminated - min step_size reached after 14 iterations, 3.27 seconds."
wfa1_manifold_optimization,gaussian_rotated,2,1000,0.05,1,0.00013218319482448038,3.8777918815612793,True,N/A,4.121078191724217e-09,18,-0.0,"Terminated - min step_size reached after 18 iterations, 3.87 seconds."
wfa1_manifold_optimization,gaussian_rotated,2,1000,0.05,2,1.9718213826922976e-06,4.8036580085754395,True,N/A,2.728624458472333e-09,23,-0.0,"Terminated - min step_size reached after 23 iterations, 4.79 seconds."
wfa1_manifold_optimization,gaussian_rotated,2,1000,0.05,3,0.0005373455252112182,4.231837034225464,True,N/A,3.970731975537921e-09,20,-0.0,"Terminated - min step_size reached after 20 iterations, 4.22 seconds."
wfa1_manifold_optimization,gaussian_rotated,2,1000,0.05,4,3.9303870409753204e-05,4.62954306602478,True,N/A,2.118762142393111e-09,22,-0.0,"Terminated - min step_size reached after 22 iterations, 4.62 seconds."
wfa1_manifold_optimization,gaussian_rotated,2,1000,0.05,5,0.0005696113284649326,4.064474821090698,True,N/A,1.0265998943601843e-09,18,9.66897367237963e-15,"Terminated - min step_size reached after 18 iterations, 4.06 seconds."
wfa1_manifold_optimization,gaussian_rotated,2,1000,0.05,6,0.00011500853888776489,4.6385908126831055,True,N/A,3.631666871134769e-10,22,-0.0,"Terminated - min step_size reached after 22 iterations, 4.63 seconds."
wfa1_manifold_optimization,gaussian_rotated,2,1000,0.05,7,0.00013133287068569816,3.7467892169952393,True,N/A,9.19526716384665e-10,17,-0.0,"Terminated - min step_size reached after 17 iterations, 3.74 seconds."
wfa1_manifold_optimization,gaussian_rotated,2,1000,0.05,8,2.98808980492642e-06,4.282009124755859,True,N/A,1.3605502384790972e-09,20,-0.0,"Terminated - min step_size reached after 20 iterations, 4.27 seconds."
wfa1_manifold_optimization,gaussian_rotated,2,1000,0.05,9,3.233280335632033e-05,4.000677108764648,True,N/A,2.0314178711569778e-09,18,-0.0,"Terminated - min step_size reached after 18 iterations, 3.99 seconds."
wfa1_manifold_optimization,gaussian_rotated,5,1000,0.05,0,4.938120782182748e-05,5.301223039627075,True,N/A,0.00013815273282727347,24,9.291856526846901e-13,"Terminated - min step_size reached after 24 iterations, 5.29 seconds."
wfa1_manifold_optimization,gaussian_rotated,5,1000,0.05,1,0.00014374918471063013,5.335283279418945,True,N/A,4.083345068235054e-11,25,-0.0,"Terminated - min grad norm reached after 25 iterations, 5.33 seconds."
wfa1_manifold_optimization,gaussian_rotated,5,1000,0.05,2,0.00015531100197906862,3.8416779041290283,True,N/A,5.327131044157899e-09,18,-0.0,"Terminated - min step_size reached after 18 iterations, 3.83 seconds."
wfa1_manifold_optimization,gaussian_rotated,5,1000,0.05,3,7.200813490813092e-05,4.439265251159668,True,N/A,1.9573912830927885e-09,21,-0.0,"Terminated - min step_size reached after 21 iterations, 4.43 seconds."
wfa1_manifold_optimization,gaussian_rotated,5,1000,0.05,4,0.00010926516010921377,5.150810956954956,True,N/A,1.954258531197426e-09,25,-0.0,"Terminated - min step_size reached after 25 iterations, 5.14 seconds."
wfa1_manifold_optimization,gaussian_rotated,5,1000,0.05,5,0.0003592579000002693,4.5864222049713135,True,N/A,4.984881539687181e-11,21,2.1372797337028752e-11,"Terminated - min grad norm reached after 21 iterations, 4.58 seconds."
wfa1_manifold_optimization,gaussian_rotated,5,1000,0.05,6,0.00022201959205432666,5.357359886169434,True,N/A,8.823992045385468e-10,25,0.0,"Terminated - min step_size reached after 25 iterations, 5.35 seconds."
wfa1_manifold_optimization,gaussian_rotated,5,1000,0.05,7,8.750600911790447e-05,4.8751220703125,True,N/A,0.0006263943638643748,22,2.99092945616062e-13,"Terminated - min step_size reached after 22 iterations, 4.87 seconds."
wfa1_manifold_optimization,gaussian_rotated,5,1000,0.05,8,0.00021021139241405063,6.374300956726074,True,N/A,2.9530565815598714e-10,30,0.0,"Terminated - min step_size reached after 30 iterations, 6.37 seconds."
wfa1_manifold_optimization,gaussian_rotated,5,1000,0.05,9,0.0003311130679357841,4.445218801498413,True,N/A,3.080879108798677e-09,21,-0.0,"Terminated - min step_size reached after 21 iterations, 4.44 seconds."
wfa1_manifold_optimization,gaussian_rotated,10,1000,0.05,0,0.0003167347565063204,4.81904411315918,True,N/A,1.0831951902535877e-09,23,-0.0,"Terminated - min step_size reached after 23 iterations, 4.81 seconds."
wfa1_manifold_optimization,gaussian_rotated,10,1000,0.05,1,0.0003458386457601985,5.311550855636597,True,N/A,2.515522691241823e-10,24,0.0,"Terminated - min step_size reached after 24 iterations, 5.30 seconds."
wfa1_manifold_optimization,gaussian_rotated,10,1000,0.05,2,0.00043811385975470434,4.49787712097168,True,N/A,1.191563852397284e-09,21,-0.0,"Terminated - min step_size reached after 21 iterations, 4.49 seconds."
wfa1_manifold_optimization,gaussian_rotated,10,1000,0.05,3,0.00041527148197712324,4.640765905380249,True,N/A,7.323266311470677e-10,22,-0.0,"Terminated - min step_size reached after 22 iterations, 4.63 seconds."
wfa1_manifold_optimization,gaussian_rotated,10,1000,0.05,4,0.0002511091511237637,5.447278022766113,True,N/A,2.8135116717881034e-09,25,0.0,"Terminated - min step_size reached after 25 iterations, 5.44 seconds."
wfa1_manifold_optimization,gaussian_rotated,10,1000,0.05,5,0.00028119846759176644,5.83571195602417,True,N/A,5.4463576439846436e-11,28,-0.0,"Terminated - min grad norm reached after 28 iterations, 5.83 seconds."
wfa1_manifold_optimization,gaussian_rotated,10,1000,0.05,6,0.00037149867247670025,5.9734578132629395,True,N/A,3.1820224844094626e-10,29,-0.0,"Terminated - min step_size reached after 29 iterations, 5.96 seconds."
wfa1_manifold_optimization,gaussian_rotated,10,1000,0.05,7,0.0003611700309862718,6.6650800704956055,True,N/A,6.71643753578991e-05,31,4.31005244240069e-13,"Terminated - min step_size reached after 31 iterations, 6.66 seconds."
wfa1_manifold_optimization,gaussian_rotated,10,1000,0.05,8,0.0002790163566088534,4.678433895111084,True,N/A,4.953634403039772e-10,22,-0.0,"Terminated - min step_size reached after 22 iterations, 4.67 seconds."
wfa1_manifold_optimization,gaussian_rotated,10,1000,0.05,9,0.00040899678126258844,5.221375942230225,True,N/A,1.7799235037272492e-09,25,-0.0,"Terminated - min step_size reached after 25 iterations, 5.21 seconds."
wfa1_manifold_optimization,gaussian_rotated,15,1000,0.05,0,0.0004165363632674172,6.352358102798462,True,N/A,7.288556820689118e-10,31,-0.0,"Terminated - min step_size reached after 31 iterations, 6.34 seconds."
wfa1_manifold_optimization,gaussian_rotated,15,1000,0.05,1,0.0006267737747723004,6.5405988693237305,True,N/A,6.447820762336334e-10,32,-0.0,"Terminated - min step_size reached after 32 iterations, 6.53 seconds."
wfa1_manifold_optimization,gaussian_rotated,15,1000,0.05,2,0.0005588735592957499,5.132380962371826,True,N/A,0.0006770752109979943,24,8.448471556951546e-13,"Terminated - min step_size reached after 24 iterations, 5.12 seconds."
wfa1_manifold_optimization,gaussian_rotated,15,1000,0.05,3,0.00046099568653795763,7.121772050857544,True,N/A,1.1885436172445337e-10,35,-0.0,"Terminated - min step_size reached after 35 iterations, 7.11 seconds."
wfa1_manifold_optimization,gaussian_rotated,15,1000,0.05,4,0.0006411505897478953,5.802234172821045,True,N/A,3.970170062628628e-10,28,-0.0,"Terminated - min step_size reached after 28 iterations, 5.79 seconds."
wfa1_manifold_optimization,gaussian_rotated,15,1000,0.05,5,0.0005941247741906826,4.878076076507568,True,N/A,2.40134201941717e-10,23,-0.0,"Terminated - min step_size reached after 23 iterations, 4.87 seconds."
wfa1_manifold_optimization,gaussian_rotated,15,1000,0.05,6,0.0004908947606933925,5.6006152629852295,True,N/A,4.613316562880621e-10,27,-0.0,"Terminated - min step_size reached after 27 iterations, 5.59 seconds."
wfa1_manifold_optimization,gaussian_rotated,15,1000,0.05,7,0.00044314744948228735,5.7788331508636475,True,N/A,3.856252149107157e-10,28,-0.0,"Terminated - min step_size reached after 28 iterations, 5.77 seconds."
wfa1_manifold_optimization,gaussian_rotated,15,1000,0.05,8,0.0005279806401561459,5.13269305229187,True,N/A,4.2067731678088085e-10,23,0.0,"Terminated - min step_size reached after 23 iterations, 5.12 seconds."
wfa1_manifold_optimization,gaussian_rotated,15,1000,0.05,9,0.0005918727835048659,5.39640998840332,True,N/A,6.995799496055321e-10,26,-0.0,"Terminated - min step_size reached after 26 iterations, 5.39 seconds."
wfa1_manifold_optimization,gaussian_rotated,25,1000,0.05,0,0.0009363562584832782,6.6850199699401855,True,N/A,4.1263028949690767e-10,32,-0.0,"Terminated - min step_size reached after 32 iterations, 6.68 seconds."
wfa1_manifold_optimization,gaussian_rotated,25,1000,0.05,1,0.0008941254568148387,7.188509941101074,True,N/A,3.327244244807689e-10,35,-0.0,"Terminated - min step_size reached after 35 iterations, 7.18 seconds."
wfa1_manifold_optimization,gaussian_rotated,25,1000,0.05,2,0.0009072171007329233,8.130227088928223,True,N/A,1.6468004848412024e-10,40,-0.0,"Terminated - min step_size reached after 40 iterations, 8.12 seconds."
wfa1_manifold_optimization,gaussian_rotated,25,1000,0.05,3,0.0009887738251792985,7.228363990783691,True,N/A,2.565984065441488e-10,35,-0.0,"Terminated - min step_size reached after 35 iterations, 7.22 seconds."
wfa1_manifold_optimization,gaussian_rotated,25,1000,0.05,4,0.0009726933580611693,6.629693031311035,True,N/A,7.634419599724312e-11,32,-0.0,"Terminated - min grad norm reached after 32 iterations, 6.62 seconds."
wfa1_manifold_optimization,gaussian_rotated,25,1000,0.05,5,0.0009676054686343212,6.28983998298645,True,N/A,8.78794338137462e-09,31,-0.0,"Terminated - min step_size reached after 31 iterations, 6.28 seconds."
wfa1_manifold_optimization,gaussian_rotated,25,1000,0.05,6,0.0008097008976979446,6.096693992614746,True,N/A,1.0418208061072583e-10,29,-0.0,"Terminated - min step_size reached after 29 iterations, 6.09 seconds."
wfa1_manifold_optimization,gaussian_rotated,25,1000,0.05,7,0.0008904145631609377,8.070213794708252,True,N/A,6.828859340341838e-10,40,-0.0,"Terminated - min step_size reached after 40 iterations, 8.06 seconds."
wfa1_manifold_optimization,gaussian_rotated,25,1000,0.05,8,0.0009780002447666131,8.267029047012329,True,N/A,6.085210055056397e-10,41,-0.0,"Terminated - min step_size reached after 41 iterations, 8.26 seconds."
wfa1_manifold_optimization,gaussian_rotated,25,1000,0.05,9,0.000769737089454043,6.852082967758179,True,N/A,1.7832185666568717e-10,33,-0.0,"Terminated - min step_size reached after 33 iterations, 6.84 seconds."
wfa1_manifold_optimization,gaussian_rotated,50,1000,0.05,0,0.00188190932255749,15.390034198760986,True,N/A,6.287784566102374e-10,77,-0.0,"Terminated - min step_size reached after 77 iterations, 15.38 seconds."
wfa1_manifold_optimization,gaussian_rotated,50,1000,0.05,1,0.0018780890090366864,9.81967306137085,True,N/A,8.391659642971186e-11,48,2.0671995168796e-08,"Terminated - min grad norm reached after 48 iterations, 9.81 seconds."
wfa1_manifold_optimization,gaussian_rotated,50,1000,0.05,2,0.0019316837496736728,12.445461988449097,True,N/A,3.2905309401495724e-10,62,-0.0,"Terminated - min step_size reached after 62 iterations, 12.44 seconds."
wfa1_manifold_optimization,gaussian_rotated,50,1000,0.05,3,0.0018490689289692558,12.295301914215088,True,N/A,3.376416009639601e-10,61,-0.0,"Terminated - min step_size reached after 61 iterations, 12.29 seconds."
wfa1_manifold_optimization,gaussian_rotated,50,1000,0.05,4,0.0019589589323204194,10.573374032974243,True,N/A,1.0935497455032654e-10,52,-0.0,"Terminated - min step_size reached after 52 iterations, 10.56 seconds."
wfa1_manifold_optimization,gaussian_rotated,50,1000,0.05,5,0.0020765782376419256,10.654712915420532,True,N/A,7.20740195452142e-11,52,-0.0,"Terminated - min grad norm reached after 52 iterations, 10.65 seconds."
wfa1_manifold_optimization,gaussian_rotated,50,1000,0.05,6,0.001930611471814062,11.563634157180786,True,N/A,2.639114679922717e-10,57,-0.0,"Terminated - min step_size reached after 57 iterations, 11.55 seconds."
wfa1_manifold_optimization,gaussian_rotated,50,1000,0.05,7,0.001757553111441223,13.634318828582764,True,N/A,5.522522924466163e-10,68,-0.0,"Terminated - min step_size reached after 68 iterations, 13.62 seconds."
wfa1_manifold_optimization,gaussian_rotated,50,1000,0.05,8,0.001824526855103566,16.275788068771362,True,N/A,1.7064514990512192e-10,81,-0.0,"Terminated - min step_size reached after 81 iterations, 16.27 seconds."
wfa1_manifold_optimization,gaussian_rotated,50,1000,0.05,9,0.0019392243851769073,12.740103006362915,True,N/A,2.1794098744324032e-10,63,-0.0,"Terminated - min step_size reached after 63 iterations, 12.73 seconds."
